Time in France,Latitude,Longitude,Sailor,Wind Speed,Wind Direction,Wind Gust
2025-01-22 18:30:00,43.01233333333333,-9.503833333333333,Jérémie Beyou,56.7,26,72.7
2025-01-22 18:30:00,41.5525,-13.2425,Paul Meilhat,55.9,13,77.0
2025-01-22 18:30:00,41.09016666666667,-14.441666666666666,Nicolas Lunven,55.8,9,76.3
2025-01-22 18:30:00,38.76766666666666,-11.545833333333333,Sam Goodchild,30.5,353,41.4
2025-01-22 18:30:00,39.256166666666665,-13.027,Justine Mettraux,47.5,4,62.3
2025-01-22 18:30:00,38.732166666666664,-12.696166666666668,Thomas Ruyant,44.3,354,61.6
2025-01-22 18:30:00,31.299166666666668,-17.761,Benjamin Dutreux,30.4,338,42.8
2025-01-22 18:30:00,31.151666666666667,-19.73,Clarisse Crémer,42.5,338,56.9
2025-01-22 18:30:00,29.1625,-22.726333333333333,Samantha Davies,39.6,347,52.6
2025-01-22 18:30:00,27.90116666666667,-26.230833333333333,Boris Herrmann,36.1,356,47.2
2025-01-22 18:30:00,11.541666666666666,-33.45483333333333,Romain Attanasio,35.0,44,46.8
2025-01-22 18:30:00,6.025,-33.963,Damien Seguin,33.5,57,43.2
2025-01-22 18:30:00,5.952333333333334,-34.211666666666666,Isabelle Joschke,33.1,58,41.8
2025-01-22 18:30:00,4.977666666666667,-32.57966666666667,Benjamin Ferré,30.6,55,40.3
2025-01-22 18:30:00,4.386,-31.771166666666662,Tanguy Le,25.4,48,39.2
2025-01-22 18:30:00,4.199666666666666,-32.26133333333333,Giancarlo Pedote,7.6,87,32.4
2025-01-22 18:30:00,1.9825,-29.614833333333333,Alan Roura,20.7,51,28.4
2025-01-22 18:30:00,0.8328333333333333,-28.663166666666665,Jean Le Cam,14.1,58,19.8
2025-01-22 18:30:00,1.363,-31.574833333333338,Conrad Colman,18.8,61,28.8
2025-01-22 18:30:00,-8.347666666666667,-31.818333333333335,Guirec Soudée,22.0,90,31.0
2025-01-22 18:30:00,-15.391666666666667,-32.49666666666667,Louis Duc,13.9,73,20.2
2025-01-22 18:30:00,-15.925333333333333,-32.273,Kojiro Shiraishi,13.9,65,19.8
2025-01-22 18:30:00,-16.40116666666667,-32.275666666666666,Sébastien Marsset,13.7,65,21.2
2025-01-22 18:30:00,-17.620333333333335,-33.105,Arnaud Boissières,13.1,53,19.4
2025-01-22 18:30:00,-17.998333333333335,-32.345333333333336,Violette Dorange,15.8,60,22.0
2025-01-22 18:30:00,-33.376333333333335,-39.7785,Antoine Cornic,31.8,168,42.5
2025-01-22 18:30:00,-36.54516666666667,-41.987,Jingkun Xu,2.4,318,5.8
2025-01-22 18:30:00,-36.03366666666667,-45.946666666666665,Oliver Heer,17.1,339,23.4
2025-01-22 18:30:00,-54.81933333333333,-63.6045,Manuel Cousin,25.9,1,32.4
2025-01-22 18:30:00,-55.956833333333336,-67.87066666666666,Fabrice Amedeo,13.0,51,18.0
2025-01-22 18:30:00,-56.4295,-70.131,Denis Van,16.5,68,20.2
2024-12-19 14:30:00,-53.43,-130.681,Charlie Dalin,36.7,211,48.6
2024-12-19 14:30:00,-53.46966666666667,-132.108,Yoann Richomme,35.7,208,47.2
2024-12-19 14:30:00,-52.952,-132.56966666666668,Sébastien Simon,34.9,206,46.8
2024-12-19 14:30:00,-54.31516666666667,-153.08216666666667,Thomas Ruyant,48.5,246,61.2
2024-12-19 14:30:00,-53.3415,-154.496,Nicolas Lunven,38.2,237,49.0
2024-12-19 14:30:00,-53.822,-154.9525,Jérémie Beyou,42.4,242,54.4
2024-12-19 14:30:00,-53.818666666666665,-159.74116666666666,Yannick Bestaven,31.0,248,40.0
2024-12-19 14:30:00,-54.6195,-161.86933333333334,Boris Herrmann,31.1,278,39.2
2024-12-19 14:30:00,-54.54866666666667,-163.14783333333332,Paul Meilhat,25.0,270,31.0
2024-12-19 14:30:00,-54.715333333333334,-163.34,Sam Goodchild,29.1,279,36.4
2024-12-19 14:30:00,-56.78933333333333,-168.01283333333333,Justine Mettraux,34.6,289,44.6
2024-12-19 14:30:00,-52.044,170.02033333333333,Clarisse Crémer,18.2,93,23.0
2024-12-19 14:30:00,-50.6465,169.74783333333335,Samantha Davies,26.3,102,33.1
2024-12-19 14:30:00,-48.56183333333333,163.7325,Benjamin Dutreux,38.7,122,50.0
2024-12-19 14:30:00,-48.6895,155.05883333333333,Romain Attanasio,22.2,129,28.8
2024-12-19 14:30:00,-50.25966666666667,150.96033333333332,Damien Seguin,18.0,357,22.0
2024-12-19 14:30:00,-47.474666666666664,141.17366666666666,Isabelle Joschke,24.7,359,31.0
2024-12-19 14:30:00,-47.96483333333333,140.77,Alan Roura,28.0,354,35.3
2024-12-19 14:30:00,-47.480666666666664,140.83733333333333,Giancarlo Pedote,26.6,355,33.1
2024-12-19 14:30:00,-47.679833333333335,140.19666666666666,Jean Le Cam,28.5,356,36.0
2024-12-19 14:32:00,-47.8465,137.15883333333332,Benjamin Ferré,41.8,360,53.3
2024-12-19 14:30:00,-46.68683333333333,132.4775,Tanguy Le,29.1,289,46.4
2024-12-19 14:30:00,-45.940666666666665,126.49983333333331,Sébastien Marsset,36.2,256,46.8
2024-12-19 14:30:00,-47.173,123.357,Louis Duc,44.4,266,57.2
2024-12-19 14:30:00,-44.34616666666667,123.71583333333334,Violette Dorange,42.0,250,54.7
2024-12-19 14:30:00,-44.183166666666665,121.25783333333334,Conrad Colman,41.9,250,56.5
2024-12-19 14:30:00,-45.012,119.82433333333331,Éric Bellion,45.1,256,60.5
2024-12-19 14:30:00,-45.5115,119.15783333333331,Arnaud Boissières,47.0,256,63.0
2024-12-19 14:30:00,-44.816,108.747,Guirec Soudée,30.4,303,38.5
2024-12-19 14:30:00,-44.449666666666666,107.246,Kojiro Shiraishi,37.3,306,46.8
2024-12-19 14:30:00,-45.50366666666667,104.7005,Oliver Heer,44.7,321,56.5
2024-12-19 14:30:00,-43.800666666666665,97.94733333333332,Antoine Cornic,48.1,298,66.2
2024-12-19 14:30:00,-48.13666666666666,84.25233333333334,Jingkun Xu,55.0,279,70.6
2024-12-19 14:30:00,-37.243833333333335,83.2685,Manuel Cousin,40.0,301,55.4
2024-12-19 14:30:00,-37.153333333333336,81.31116666666667,Fabrice Amedeo,40.4,302,51.8
2024-12-19 14:30:00,-36.481,75.58183333333334,Denis Van,35.7,302,46.1
2025-03-03 06:30:00,46.27333333333333,-6.0685,Fabrice Amedeo,35.4,63,45.4
2025-03-03 06:30:00,41.0505,-10.942833333333333,Denis Van,26.3,56,34.6
2024-12-30 06:30:00,-28.965166666666665,-33.4975,Yoann Richomme,9.2,296,19.1
2024-12-30 06:30:00,-29.122,-33.318666666666665,Charlie Dalin,14.3,285,23.0
2024-12-30 06:30:00,-31.312166666666663,-43.45316666666667,Sébastien Simon,20.5,141,28.8
2024-12-30 06:30:00,-46.647,-57.879333333333335,Thomas Ruyant,24.7,33,30.6
2024-12-30 06:30:00,-52.11033333333334,-58.156333333333336,Paul Meilhat,19.0,338,23.8
2024-12-30 06:30:00,-52.588166666666666,-57.51533333333333,Jérémie Beyou,22.3,331,27.4
2024-12-30 06:30:00,-52.61683333333333,-57.52466666666667,Nicolas Lunven,22.3,331,27.4
2024-12-30 06:30:00,-52.27433333333333,-58.436,Boris Herrmann,19.6,338,23.8
2024-12-30 06:30:00,-52.33,-58.557,Sam Goodchild,21.5,336,26.3
2024-12-30 06:30:00,-52.88483333333333,-59.76916666666666,Justine Mettraux,21.1,359,24.8
2024-12-30 06:30:00,-55.2585,-66.70116666666667,Yannick Bestaven,15.7,286,30.6
2024-12-30 06:30:00,-58.8435,-89.73183333333333,Clarisse Crémer,32.1,324,39.2
2024-12-30 06:30:00,-58.37,-90.17216666666668,Benjamin Dutreux,33.5,323,41.0
2024-12-30 06:30:00,-54.63133333333333,-97.0845,Samantha Davies,41.1,323,51.5
2024-12-30 06:30:00,-52.8205,-109.801,Romain Attanasio,59.1,320,79.6
2024-12-30 06:30:00,-51.65083333333333,-112.616,Damien Seguin,42.3,293,68.8
2024-12-30 06:30:00,-54.7375,-121.69183333333334,Jean Le Cam,49.6,232,65.2
2024-12-30 06:30:00,-52.71483333333333,-127.1875,Giancarlo Pedote,50.4,216,65.2
2024-12-30 06:30:00,-52.764,-127.5955,Isabelle Joschke,51.7,213,66.2
2024-12-30 06:30:00,-53.482166666666664,-128.39016666666666,Alan Roura,50.6,212,72.0
2024-12-30 06:30:00,-55.23233333333334,-147.55766666666668,Benjamin Ferré,29.3,247,37.4
2024-12-30 06:30:00,-55.704166666666666,-151.584,Tanguy Le,27.8,282,34.6
2024-12-30 06:30:00,-55.3275,-152.23033333333333,Sébastien Marsset,24.8,275,32.0
2024-12-30 06:30:00,-55.42916666666667,-152.8315,Louis Duc,25.6,282,32.4
2024-12-30 06:30:00,-55.422333333333334,-152.93933333333334,Arnaud Boissières,25.7,283,32.4
2024-12-30 06:30:00,-55.509166666666665,-153.07483333333334,Violette Dorange,26.3,285,33.1
2024-12-30 06:30:00,-55.71366666666667,-153.33533333333332,Éric Bellion,28.9,287,36.4
2024-12-30 06:30:00,-55.819,-154.338,Kojiro Shiraishi,30.2,285,37.8
2024-12-30 06:30:00,-55.835,-154.95233333333334,Conrad Colman,29.6,285,37.4
2024-12-30 06:30:00,-56.43966666666667,-156.47266666666667,Guirec Soudée,31.4,283,39.2
2024-12-30 06:30:00,-57.236,-179.27766666666668,Oliver Heer,6.9,277,9.4
2024-12-30 06:30:00,-53.339166666666664,164.39083333333335,Antoine Cornic,11.6,266,18.0
2024-12-30 06:30:00,-51.48466666666667,154.4235,Jingkun Xu,45.5,356,59.0
2024-12-30 06:30:00,-46.593833333333336,150.6995,Manuel Cousin,42.7,333,56.2
2024-12-30 06:30:00,-46.078,148.89,Fabrice Amedeo,41.3,336,54.7
2024-12-30 06:30:00,-43.343333333333334,138.56483333333333,Denis Van,36.4,261,47.2
2025-02-09 18:30:00,39.46216666666667,-19.980333333333338,Antoine Cornic,38.3,179,49.0
2025-02-09 18:30:00,31.277833333333337,-40.214666666666666,Oliver Heer,9.3,72,16.2
2025-02-09 18:30:00,29.347166666666663,-38.757333333333335,Jingkun Xu,15.2,76,22.0
2025-02-09 18:30:00,-0.6769999999999999,-29.859333333333332,Manuel Cousin,23.7,120,33.5
2025-02-09 18:30:00,-2.099666666666667,-29.911166666666663,Fabrice Amedeo,22.7,119,28.8
2025-02-09 18:30:00,-4.558333333333334,-30.6725,Denis Van,32.6,133,43.6
2025-02-11 06:30:00,42.6945,-14.1645,Antoine Cornic,25.7,276,33.5
2025-02-11 06:30:00,35.29633333333334,-38.7665,Oliver Heer,38.8,234,51.1
2025-02-11 06:30:00,33.37733333333333,-37.90116666666667,Jingkun Xu,24.0,236,30.6
2025-02-11 06:30:00,1.3473333333333333,-30.325666666666667,Manuel Cousin,17.1,34,24.8
2025-02-11 06:30:00,0.5386666666666666,-29.917,Fabrice Amedeo,13.4,46,19.1
2025-02-11 06:30:00,0.022,-29.620166666666663,Denis Van,9.1,39,13.3
2024-12-28 18:30:00,-34.13466666666667,-41.2675,Yoann Richomme,26.5,288,37.1
2024-12-28 18:30:00,-35.845,-42.46083333333333,Charlie Dalin,36.9,285,49.0
2024-12-28 18:30:00,-42.864,-50.983,Sébastien Simon,41.6,155,55.4
2024-12-28 18:30:00,-51.868,-56.6175,Thomas Ruyant,26.2,304,32.4
2024-12-28 18:30:00,-55.39483333333333,-61.940666666666665,Jérémie Beyou,21.6,302,25.6
2024-12-28 18:30:00,-55.476,-61.97816666666667,Nicolas Lunven,22.7,296,28.8
2024-12-28 18:30:00,-55.94233333333333,-64.32933333333334,Paul Meilhat,28.9,284,34.6
2024-12-28 18:30:00,-56.02333333333333,-64.25133333333333,Boris Herrmann,32.0,278,38.5
2024-12-28 18:30:00,-56.603,-65.94566666666667,Sam Goodchild,43.7,278,55.1
2024-12-28 18:30:00,-56.75116666666667,-66.69666666666667,Justine Mettraux,44.6,280,58.7
2024-12-28 18:30:00,-57.377833333333335,-74.778,Yannick Bestaven,46.4,319,59.0
2024-12-28 18:30:00,-56.404,-106.4065,Clarisse Crémer,39.4,212,50.0
2024-12-28 18:30:00,-56.24583333333333,-107.465,Benjamin Dutreux,41.0,207,53.3
2024-12-28 18:30:00,-51.507333333333335,-110.76583333333332,Samantha Davies,52.1,237,71.3
2024-12-28 18:30:00,-53.100833333333334,-126.164,Romain Attanasio,35.5,287,45.7
2024-12-28 18:30:00,-52.4025,-129.98666666666668,Damien Seguin,39.6,305,53.3
2024-12-28 18:30:00,-53.697,-138.02116666666666,Jean Le Cam,56.8,333,76.3
2024-12-28 18:30:00,-53.158,-140.37166666666667,Giancarlo Pedote,51.0,319,72.7
2024-12-28 18:30:00,-53.0525,-140.67666666666668,Isabelle Joschke,50.0,319,73.8
2024-12-28 18:30:00,-52.47983333333333,-143.34533333333334,Alan Roura,37.6,252,53.6
2024-12-28 18:30:00,-57.0355,-161.43066666666667,Benjamin Ferré,40.6,213,54.7
2024-12-28 18:30:00,-57.48583333333333,-164.28416666666666,Tanguy Le,31.3,222,46.4
2024-12-28 18:30:00,-57.57266666666666,-164.49566666666666,Sébastien Marsset,30.5,225,43.9
2024-12-28 18:30:00,-57.650333333333336,-169.5325,Louis Duc,22.5,301,28.1
2024-12-28 18:30:00,-57.57033333333333,-169.99016666666665,Violette Dorange,22.1,302,27.4
2024-12-28 18:30:00,-57.34016666666667,-171.0475,Arnaud Boissières,27.0,302,33.5
2024-12-28 18:30:00,-57.053333333333335,-171.578,Éric Bellion,27.8,306,34.6
2024-12-28 18:30:00,-56.861333333333334,-172.25816666666665,Conrad Colman,28.2,307,36.7
2024-12-28 18:30:00,-57.1065,-172.46466666666666,Guirec Soudée,29.7,308,39.2
2024-12-28 18:30:00,-56.8205,-173.355,Kojiro Shiraishi,30.2,315,41.0
2024-12-28 18:30:00,-55.973333333333336,170.5105,Oliver Heer,47.0,327,61.2
2024-12-28 18:30:00,-50.181666666666665,156.20133333333334,Antoine Cornic,33.2,301,43.6
2024-12-28 18:30:00,-48.199,144.898,Jingkun Xu,33.1,290,45.0
2024-12-28 18:30:00,-45.446,140.80683333333334,Manuel Cousin,34.7,275,42.8
2024-12-28 18:30:00,-45.004333333333335,139.15966666666668,Fabrice Amedeo,40.7,272,52.9
2024-12-28 18:30:00,-42.7895,129.49016666666665,Denis Van,38.3,286,48.6
2025-01-13 14:30:00,47.734833333333334,-4.453166666666666,Charlie Dalin,20.1,129,34.2
2025-01-13 14:30:00,46.90833333333333,-8.389333333333333,Yoann Richomme,27.1,153,36.0
2025-01-13 14:30:00,38.152166666666666,-23.8435,Sébastien Simon,33.1,169,43.6
2025-01-13 14:30:00,2.886,-29.671833333333332,Sam Goodchild,20.1,59,26.6
2025-01-13 14:30:00,2.8626666666666667,-29.754,Jérémie Beyou,20.4,58,28.8
2025-01-13 14:30:00,2.448166666666667,-29.897,Paul Meilhat,20.8,57,27.4
2025-01-13 14:30:00,-0.2385,-29.431333333333335,Nicolas Lunven,18.3,76,25.6
2025-01-13 14:30:00,-1.1786666666666668,-31.769333333333332,Thomas Ruyant,21.0,83,27.4
2025-01-13 14:30:00,-1.9308333333333336,-32.606,Boris Herrmann,19.8,77,26.3
2025-01-13 14:30:00,-4.179833333333334,-30.025333333333332,Justine Mettraux,22.9,99,31.3
2025-01-13 14:30:00,-13.063333333333333,-31.027166666666663,Clarisse Crémer,27.9,47,35.3
2025-01-13 14:30:00,-13.687833333333334,-29.553,Benjamin Dutreux,28.0,54,36.0
2025-01-13 14:30:00,-14.62,-30.529833333333332,Samantha Davies,26.7,40,34.6
2025-01-13 14:30:00,-25.3705,-36.25966666666667,Romain Attanasio,15.1,245,20.5
2025-01-13 14:30:00,-28.212333333333333,-32.45066666666666,Jean Le Cam,15.5,299,22.3
2025-01-13 14:30:00,-29.521166666666662,-31.055666666666667,Alan Roura,9.5,314,14.8
2025-01-13 14:30:00,-29.503666666666668,-31.25733333333333,Damien Seguin,12.0,309,15.5
2025-01-13 14:30:00,-27.7285,-37.283833333333334,Giancarlo Pedote,12.6,227,19.4
2025-01-13 14:30:00,-27.722666666666665,-37.8485,Isabelle Joschke,12.2,223,20.9
2025-01-13 14:30:00,-28.505166666666668,-39.00666666666667,Benjamin Ferré,13.6,140,24.1
2025-01-13 14:30:00,-29.127333333333333,-40.765166666666666,Tanguy Le,21.1,140,28.4
2025-01-13 14:30:00,-34.01433333333333,-41.972833333333334,Conrad Colman,26.3,121,34.6
2025-01-13 14:30:00,-39.86216666666667,-43.258,Guirec Soudée,10.4,105,17.6
2025-01-13 14:30:00,-39.96083333333333,-46.50366666666667,Sébastien Marsset,13.8,13,18.7
2025-01-13 14:30:00,-40.611666666666665,-46.267,Louis Duc,13.7,355,20.5
2025-01-13 14:30:00,-40.590833333333336,-47.64266666666666,Kojiro Shiraishi,21.0,339,28.4
2025-01-13 14:30:00,-43.882333333333335,-50.62916666666667,Arnaud Boissières,40.4,336,51.1
2025-01-13 14:30:00,-45.03066666666667,-52.37,Violette Dorange,39.3,312,54.4
2025-01-13 14:30:00,-56.4275,-77.938,Oliver Heer,41.4,302,54.7
2025-01-13 14:30:00,-57.0035,-87.19633333333333,Antoine Cornic,42.1,283,54.4
2025-01-13 14:30:00,-56.9095,-87.90283333333333,Jingkun Xu,45.3,287,58.3
2025-01-13 14:30:00,-53.620333333333335,-125.023,Fabrice Amedeo,40.0,260,51.1
2025-01-13 14:30:00,-53.6715,-125.08633333333331,Manuel Cousin,40.0,262,51.1
2025-01-13 14:30:00,-53.73916666666667,-132.5755,Denis Van,32.9,269,41.4
2024-11-17 10:30:00,21.589166666666667,-20.792,Jean Le Cam,7.2,199,10.8
2024-11-17 10:30:00,21.813666666666663,-28.294333333333334,Sébastien Simon,8.9,243,16.6
2024-11-17 10:30:00,22.4065,-24.5765,Alan Roura,5.3,308,9.7
2024-11-17 10:30:00,22.810333333333332,-25.814833333333333,Benjamin Ferré,14.1,354,19.4
2024-11-17 10:30:00,22.16433333333333,-31.5925,Sam Goodchild,18.5,32,25.6
2024-11-17 10:30:00,22.970333333333333,-25.9345,Antoine Cornic,15.4,353,20.5
2024-11-17 10:30:00,23.008166666666668,-26.031833333333335,Arnaud Boissières,16.5,340,23.0
2024-11-17 10:30:00,22.463,-19.053166666666662,Conrad Colman,4.4,153,6.8
2024-11-17 10:30:00,23.2005,-26.8255,Giancarlo Pedote,16.4,356,20.5
2024-11-17 10:30:00,23.16133333333333,-28.764333333333333,Clarisse Crémer,21.1,35,29.5
2024-11-17 10:30:00,23.4545,-28.102,Damien Seguin,17.6,41,24.8
2024-11-17 10:30:00,23.504666666666665,-28.7255,Samantha Davies,19.2,26,25.9
2024-11-17 10:30:00,22.967333333333332,-31.995833333333337,Thomas Ruyant,23.1,48,31.7
2024-11-17 10:30:00,24.048833333333334,-28.848333333333333,Sébastien Marsset,16.7,25,24.5
2024-11-17 10:30:00,24.239833333333333,-27.882833333333338,Violette Dorange,15.0,26,23.8
2024-11-17 10:30:00,24.22833333333333,-29.422333333333334,Romain Attanasio,17.8,13,23.4
2024-11-17 10:30:00,24.394833333333334,-28.32283333333333,Guirec Soudée,12.2,24,20.9
2024-11-17 10:30:00,24.813666666666663,-25.284,Oliver Heer,11.0,337,16.2
2024-11-17 10:30:00,24.421333333333333,-29.762666666666668,Tanguy Le,17.1,17,23.8
2024-11-17 10:30:00,24.386,-31.024,Louis Burton,16.5,22,25.6
2024-11-17 10:30:00,24.240666666666662,-31.881166666666665,Yannick Bestaven,19.5,26,27.7
2024-11-17 10:30:00,24.5085,-30.535833333333333,Boris Herrmann,15.0,14,24.5
2024-11-17 10:30:00,24.058,-33.023833333333336,Nicolas Lunven,22.7,32,30.2
2024-11-17 10:30:00,24.2445,-32.222166666666666,Justine Mettraux,20.1,28,27.7
2024-11-17 10:30:00,24.751666666666665,-29.499166666666667,Éric Bellion,14.4,22,24.1
2024-11-17 10:30:00,24.276,-32.904333333333334,Charlie Dalin,21.7,28,29.5
2024-11-17 10:30:00,24.991833333333332,-29.0495,Manuel Cousin,17.4,11,24.5
2024-11-17 10:30:00,24.485333333333333,-32.035,Benjamin Dutreux,19.1,23,27.4
2024-11-17 10:30:00,25.013666666666666,-29.248333333333335,Fabrice Amedeo,18.1,11,25.2
2024-11-17 10:30:00,24.3055,-33.17033333333333,Jérémie Beyou,22.3,31,29.9
2024-11-17 10:31:00,24.358166666666666,-33.04483333333334,Yoann Richomme,21.4,29,29.2
2024-11-17 10:30:00,24.8025,-31.032,Isabelle Joschke,17.2,26,25.6
2024-11-17 10:30:00,24.5805,-32.248333333333335,Paul Meilhat,19.4,23,28.1
2024-11-17 10:30:00,25.399,-27.117833333333333,Denis Van,13.5,359,19.8
2024-11-17 10:30:00,25.206,-31.60333333333333,Louis Duc,16.6,22,24.1
2024-11-17 10:30:00,25.447,-30.434666666666665,Kojiro Shiraishi,19.8,13,27.0
2024-11-17 10:30:00,25.188333333333333,-32.48583333333333,Pip Hare,16.0,23,25.6
2024-11-17 10:30:00,26.238333333333333,-24.5135,Jingkun Xu,14.2,308,20.9
2024-11-17 10:30:00,28.120833333333337,-15.416166666666667,Szabolcs Weöres,4.6,116,9.4
2024-12-15 02:30:00,-49.711333333333336,167.21666666666667,Charlie Dalin,38.2,298,47.9
2024-12-15 02:30:00,-50.0025,164.3755,Yoann Richomme,39.9,236,53.3
2024-12-15 02:30:00,-50.69133333333333,161.4875,Sébastien Simon,29.4,237,37.8
2024-12-15 02:30:00,-46.96333333333333,149.9385,Thomas Ruyant,14.6,266,19.4
2024-12-15 02:30:00,-47.01266666666667,147.654,Jérémie Beyou,23.4,280,29.5
2024-12-15 02:30:00,-47.92066666666667,144.12016666666668,Nicolas Lunven,15.0,309,18.0
2024-12-15 02:30:00,-47.126333333333335,142.945,Sam Goodchild,19.0,329,23.4
2024-12-15 02:30:00,-47.25833333333333,141.27333333333334,Yannick Bestaven,24.5,332,30.2
2024-12-15 02:30:00,-46.341833333333334,141.7685,Paul Meilhat,22.9,325,28.1
2024-12-15 02:30:00,-48.0935,139.15116666666663,Boris Herrmann,28.4,343,35.3
2024-12-15 02:30:00,-47.008,137.16266666666667,Justine Mettraux,33.4,7,42.8
2024-12-15 02:30:00,-46.5585,134.9945,Samantha Davies,41.4,20,54.0
2024-12-15 02:30:00,-46.49583333333333,134.5915,Clarisse Crémer,41.8,21,54.4
2024-12-15 02:30:00,-46.1355,124.37883333333332,Benjamin Dutreux,33.1,298,43.2
2024-12-15 02:30:00,-45.349833333333336,121.42866666666669,Pip Hare,35.9,306,45.4
2024-12-15 02:30:00,-44.1425,120.9195,Romain Attanasio,32.9,304,45.4
2024-12-15 02:30:00,-45.2665,108.367,Damien Seguin,43.3,288,56.5
2024-12-15 02:30:00,-38.557833333333335,98.41066666666669,Jean Le Cam,53.6,242,72.0
2024-12-15 02:30:00,-39.24816666666667,97.54883333333332,Isabelle Joschke,58.8,243,77.8
2024-12-15 02:30:00,-39.61183333333334,96.31216666666668,Alan Roura,50.3,244,68.8
2024-12-15 02:30:00,-40.095,95.0675,Giancarlo Pedote,46.2,246,66.6
2024-12-15 02:30:00,-47.82533333333333,91.476,Tanguy Le,35.8,238,51.5
2024-12-15 02:30:00,-39.62016666666667,93.95283333333332,Benjamin Ferré,43.4,257,54.0
2024-12-15 02:30:00,-48.25516666666667,87.02616666666667,Louis Duc,16.5,344,24.5
2024-12-15 02:30:00,-41.685833333333335,88.389,Sébastien Marsset,35.5,281,47.5
2024-12-15 02:30:00,-41.1015,88.5235,Violette Dorange,37.4,282,48.6
2024-12-15 02:30:00,-42.294666666666664,85.69383333333333,Conrad Colman,39.7,290,50.0
2024-12-15 02:30:00,-40.039,86.55983333333333,Éric Bellion,44.6,285,56.9
2024-12-15 02:30:00,-40.395,86.00416666666666,Arnaud Boissières,41.8,288,55.4
2024-12-15 02:30:00,-47.408,77.41183333333333,Guirec Soudée,26.1,35,31.3
2024-12-15 02:30:00,-41.114,74.00583333333333,Oliver Heer,58.8,318,83.9
2024-12-15 02:30:00,-40.22683333333333,74.08733333333333,Kojiro Shiraishi,59.3,322,79.6
2024-12-15 02:30:00,-40.043,73.181,Antoine Cornic,56.7,320,77.4
2024-12-15 02:30:00,-46.17666666666667,53.493,Jingkun Xu,41.9,270,53.3
2024-12-15 02:30:00,-36.726333333333336,53.545,Manuel Cousin,48.9,237,65.5
2024-12-15 02:30:00,-38.01833333333333,52.0305,Denis Van,47.3,233,61.2
2024-12-15 02:30:00,-36.3285,52.78216666666667,Fabrice Amedeo,48.5,238,65.2
2024-12-15 02:30:00,-33.821666666666665,6.986666666666666,Szabolcs Weöres,51.1,211,66.6
2024-11-14 22:30:00,27.752166666666668,-22.531666666666663,Sam Goodchild,19.2,334,25.6
2024-11-14 22:30:00,27.811166666666665,-23.041666666666668,Nicolas Lunven,13.5,346,21.6
2024-11-14 22:30:00,28.4315,-23.317833333333333,Jérémie Beyou,17.9,324,23.4
2024-11-14 22:30:00,28.460166666666662,-23.396,Yoann Richomme,15.2,326,20.5
2024-11-14 22:30:00,28.471833333333333,-23.312666666666665,Charlie Dalin,19.4,330,25.2
2024-11-14 22:30:00,28.665,-23.120333333333335,Louis Burton,18.4,354,24.8
2024-11-14 22:30:00,28.729166666666668,-22.580333333333332,Yannick Bestaven,20.8,342,27.7
2024-11-14 22:30:00,28.809833333333337,-24.097333333333335,Thomas Ruyant,17.0,350,23.0
2024-11-14 22:30:00,28.7465,-22.7825,Justine Mettraux,20.9,343,28.1
2024-11-14 22:30:00,28.7595,-22.788333333333338,Boris Herrmann,20.7,343,27.7
2024-11-14 22:30:00,28.987833333333334,-21.720666666666663,Sébastien Simon,25.2,339,36.7
2024-11-14 22:30:00,29.372666666666667,-22.355666666666668,Benjamin Dutreux,23.9,337,32.0
2024-11-14 22:30:00,30.2895,-22.443166666666663,Paul Meilhat,25.2,348,34.6
2024-11-14 22:30:00,30.096666666666668,-20.562833333333337,Giancarlo Pedote,22.7,328,30.2
2024-11-14 22:30:00,30.1235,-20.561,Clarisse Crémer,22.7,328,30.2
2024-11-14 22:30:00,30.121,-20.522333333333332,Samantha Davies,23.4,326,31.3
2024-11-14 22:30:00,30.144,-20.564,Benjamin Ferré,22.7,328,30.2
2024-11-14 22:30:00,30.270333333333333,-20.106333333333332,Damien Seguin,24.2,325,32.0
2024-11-14 22:30:00,30.049833333333332,-18.627166666666668,Jean Le Cam,19.0,315,26.3
2024-11-14 22:30:00,30.517833333333332,-21.370666666666665,Pip Hare,23.7,333,31.7
2024-11-14 22:30:00,30.477666666666668,-20.775666666666663,Tanguy Le,24.3,329,32.8
2024-11-14 22:30:00,30.4365,-20.349166666666665,Antoine Cornic,23.8,326,32.0
2024-11-14 22:30:00,30.318166666666663,-19.4075,Arnaud Boissières,21.6,321,29.2
2024-11-14 22:30:00,30.385833333333338,-19.7255,Alan Roura,23.1,326,31.0
2024-11-14 22:30:00,30.582166666666662,-20.269166666666667,Kojiro Shiraishi,23.9,328,32.0
2024-11-14 22:30:00,30.634333333333338,-20.612166666666667,Sébastien Marsset,24.7,328,33.1
2024-11-14 22:30:00,30.654833333333332,-20.621,Romain Attanasio,24.5,329,33.1
2024-11-14 22:30:00,30.7605,-20.8715,Violette Dorange,25.6,329,34.2
2024-11-14 22:30:00,30.715,-20.279166666666665,Guirec Soudée,24.3,328,32.4
2024-11-14 22:30:00,31.071666666666665,-21.097833333333337,Louis Duc,27.6,331,36.4
2024-11-14 22:30:00,30.883333333333333,-18.69783333333333,Conrad Colman,25.0,313,32.8
2024-11-14 22:30:00,31.329666666666668,-20.6885,Isabelle Joschke,31.8,327,41.0
2024-11-14 22:30:00,32.17216666666667,-20.906333333333333,Éric Bellion,36.1,327,46.8
2024-11-14 22:30:00,32.220333333333336,-20.392333333333333,Fabrice Amedeo,37.0,323,49.0
2024-11-14 22:30:00,32.47666666666667,-18.5015,Oliver Heer,38.9,305,52.9
2024-11-14 22:30:00,33.0755,-19.85333333333333,Manuel Cousin,45.8,331,60.1
2024-11-14 22:30:00,32.82083333333333,-16.489166666666666,Maxime Sorel,35.0,292,53.6
2024-11-14 22:30:00,33.829166666666666,-19.655833333333337,Denis Van,47.2,338,63.7
2024-11-14 22:30:00,35.841833333333334,-17.658666666666665,Jingkun Xu,39.4,21,55.8
2024-11-14 22:30:00,35.316833333333335,-15.1335,Szabolcs Weöres,21.2,296,31.3
2025-02-27 18:30:00,47.060833333333335,-6.274333333333334,Manuel Cousin,21.8,52,31.3
2025-02-27 18:30:00,41.6075,-14.2555,Fabrice Amedeo,17.7,44,25.2
2025-02-27 18:30:00,38.669333333333334,-20.167,Denis Van,57.5,340,77.4
2025-01-18 10:30:00,26.890166666666666,-30.935,Sam Goodchild,14.3,95,20.9
2025-01-18 10:30:00,26.9925,-31.126,Jérémie Beyou,14.3,105,19.8
2025-01-18 10:30:00,26.146333333333335,-31.683333333333337,Paul Meilhat,20.0,82,26.3
2025-01-18 10:30:00,24.590666666666667,-31.256166666666665,Nicolas Lunven,22.3,89,29.9
2025-01-18 10:30:00,22.017833333333332,-31.11616666666667,Justine Mettraux,27.0,88,34.9
2025-01-18 10:30:00,23.42866666666667,-34.708,Thomas Ruyant,27.7,75,36.0
2025-01-18 10:30:00,18.079333333333334,-37.68666666666667,Boris Herrmann,36.6,75,49.0
2025-01-18 10:30:00,15.8715,-34.625166666666665,Benjamin Dutreux,35.6,73,46.8
2025-01-18 10:30:00,15.685,-35.30316666666667,Clarisse Crémer,36.8,73,47.5
2025-01-18 10:30:00,12.554333333333334,-34.662333333333336,Samantha Davies,33.2,63,44.3
2025-01-18 10:30:00,-3.0031666666666665,-30.356166666666667,Romain Attanasio,19.4,120,25.9
2025-01-18 10:30:00,-10.612833333333333,-30.074666666666666,Damien Seguin,23.0,99,29.9
2025-01-18 10:30:00,-11.346,-32.042833333333334,Isabelle Joschke,18.0,89,25.2
2025-01-18 10:30:00,-11.7245,-32.406333333333336,Tanguy Le,18.9,87,26.3
2025-01-18 10:30:00,-11.772666666666666,-32.362,Benjamin Ferré,19.3,86,26.3
2025-01-18 10:30:00,-12.387,-32.009,Giancarlo Pedote,21.2,85,28.4
2025-01-18 10:30:00,-15.007666666666667,-33.65533333333333,Conrad Colman,22.0,100,30.6
2025-01-18 10:30:00,-18.046166666666668,-26.913166666666665,Alan Roura,13.4,97,22.3
2025-01-18 10:30:00,-19.376833333333337,-26.2265,Jean Le Cam,18.2,93,25.9
2025-01-18 10:30:00,-22.805666666666667,-30.080833333333334,Guirec Soudée,19.1,93,27.4
2025-01-18 10:30:00,-26.5615,-42.8595,Sébastien Marsset,32.4,12,40.7
2025-01-18 10:30:00,-27.380833333333335,-43.28766666666667,Louis Duc,40.3,12,54.0
2025-01-18 10:30:00,-27.543666666666667,-43.30583333333333,Kojiro Shiraishi,41.7,9,55.1
2025-01-18 10:30:00,-28.953,-43.8075,Violette Dorange,44.0,356,60.1
2025-01-18 10:30:00,-29.692666666666668,-42.3155,Arnaud Boissières,38.6,42,50.4
2025-01-18 10:30:00,-44.724666666666664,-50.089666666666666,Oliver Heer,21.1,259,27.0
2025-01-18 10:30:00,-46.4635,-51.16616666666667,Jingkun Xu,32.5,266,44.3
2025-01-18 10:30:00,-46.4695,-51.51733333333333,Antoine Cornic,33.6,263,46.4
2025-01-18 10:30:00,-54.48083333333334,-88.554,Manuel Cousin,48.8,289,62.6
2025-01-18 10:30:00,-54.38066666666667,-91.88783333333332,Fabrice Amedeo,44.8,290,58.3
2025-01-18 10:30:00,-56.1455,-100.34833333333331,Denis Van,45.1,293,60.5
2025-03-04 14:48:00,46.468666666666664,-1.821,Fabrice Amedeo,3.6,96,17.6
2025-03-04 14:30:00,42.69433333333333,-10.043,Denis Van,37.3,50,51.5
2025-01-31 02:30:00,46.511,-20.4725,Romain Attanasio,25.5,227,31.3
2025-01-31 02:30:00,40.8495,-29.495,Damien Seguin,42.1,195,56.5
2025-01-31 02:30:00,40.781166666666664,-29.839666666666663,Benjamin Ferré,42.5,194,56.9
2025-01-31 02:30:00,40.76716666666667,-29.931166666666662,Alan Roura,42.3,194,56.9
2025-01-31 02:31:00,40.70816666666666,-30.049666666666667,Tanguy Le,44.8,190,59.0
2025-01-31 02:30:00,40.4235,-30.828166666666668,Isabelle Joschke,43.7,190,58.3
2025-01-31 02:30:00,40.239333333333335,-31.4795,Jean Le Cam,46.3,194,61.2
2025-01-31 02:30:00,40.17066666666667,-32.133,Giancarlo Pedote,48.9,192,65.5
2025-01-31 02:30:00,39.80433333333333,-32.2205,Conrad Colman,48.3,192,63.4
2025-01-31 02:30:00,30.86466666666667,-39.58433333333333,Guirec Soudée,23.1,182,28.8
2025-01-31 02:30:00,23.490666666666662,-39.014833333333335,Kojiro Shiraishi,34.2,92,44.3
2025-01-31 02:30:00,20.062666666666665,-36.85783333333333,Louis Duc,39.8,82,51.1
2025-01-31 02:30:00,19.804666666666662,-36.808166666666665,Violette Dorange,40.6,83,52.9
2025-01-31 02:30:00,18.405833333333337,-36.52466666666667,Sébastien Marsset,42.8,80,55.4
2025-01-31 02:30:00,16.3145,-38.57483333333333,Arnaud Boissières,42.0,74,53.3
2025-01-31 02:30:00,-0.071,-30.544,Antoine Cornic,14.6,86,26.3
2025-01-31 02:30:00,-11.269166666666669,-30.932,Oliver Heer,27.4,90,34.2
2025-01-31 02:30:00,-13.521166666666666,-32.727666666666664,Jingkun Xu,24.6,85,31.7
2025-01-31 02:30:00,-32.59883333333333,-38.51466666666666,Manuel Cousin,34.3,29,51.5
2025-01-31 02:30:00,-33.606,-39.727,Fabrice Amedeo,29.3,20,40.3
2025-01-31 02:30:00,-34.55533333333333,-42.632,Denis Van,21.3,139,27.4
2024-12-12 10:30:00,-49.6265,141.85166666666666,Charlie Dalin,35.2,258,50.4
2024-12-12 10:30:00,-47.319,135.08983333333333,Sébastien Simon,26.5,211,33.8
2024-12-12 10:30:00,-48.29683333333333,132.8365,Yoann Richomme,34.2,225,44.3
2024-12-12 10:30:00,-46.653166666666664,128.3155,Thomas Ruyant,39.4,249,52.6
2024-12-12 10:30:00,-47.29066666666667,124.73483333333331,Jérémie Beyou,37.9,246,53.6
2024-12-12 10:30:00,-46.65683333333333,124.105,Nicolas Lunven,37.2,248,52.6
2024-12-12 10:30:00,-47.28916666666667,121.19383333333332,Sam Goodchild,32.1,255,44.6
2024-12-12 10:30:00,-47.54083333333333,119.445,Paul Meilhat,29.8,264,38.5
2024-12-12 10:30:00,-46.98466666666667,119.1565,Yannick Bestaven,31.0,268,39.6
2024-12-12 10:30:00,-45.55133333333333,111.47116666666666,Boris Herrmann,32.8,334,43.9
2024-12-12 10:30:00,-45.925,110.833,Justine Mettraux,35.8,335,45.0
2024-12-12 10:30:00,-45.766,108.78433333333334,Clarisse Crémer,40.2,352,51.8
2024-12-12 10:30:00,-45.67166666666667,108.48683333333334,Samantha Davies,41.0,342,52.6
2024-12-12 10:30:00,-45.7075,100.568,Benjamin Dutreux,45.9,296,57.2
2024-12-12 10:30:00,-47.12616666666667,94.35216666666666,Romain Attanasio,48.3,263,64.4
2024-12-12 10:30:00,-46.558166666666665,93.504,Pip Hare,42.1,261,59.4
2024-12-12 10:30:00,-43.23983333333334,86.69866666666667,Damien Seguin,40.1,324,54.4
2024-12-12 10:30:00,-36.57516666666667,76.1915,Isabelle Joschke,39.6,300,50.8
2024-12-12 10:30:00,-36.95583333333333,75.56066666666666,Alan Roura,44.5,304,56.9
2024-12-12 10:30:00,-35.745333333333335,75.8195,Jean Le Cam,39.8,293,51.1
2024-12-12 10:30:00,-47.001,68.67933333333333,Tanguy Le,53.1,278,67.0
2024-12-12 10:30:00,-36.34433333333333,72.669,Giancarlo Pedote,47.2,308,59.4
2024-12-12 10:32:00,-36.3665,72.05,Benjamin Ferré,50.3,303,65.2
2024-12-12 10:30:00,-46.487833333333334,66.51616666666666,Louis Duc,54.6,290,71.3
2024-12-12 10:30:00,-37.1925,71.075,Sébastien Marsset,53.3,302,69.1
2024-12-12 10:30:00,-36.892833333333336,69.67366666666666,Violette Dorange,54.4,292,71.6
2024-12-12 10:30:00,-47.7955,64.15383333333334,Guirec Soudée,34.4,269,46.8
2024-12-12 10:30:00,-40.69466666666667,65.78883333333333,Conrad Colman,56.2,256,75.6
2024-12-12 10:30:00,-36.88666666666667,67.76316666666666,Arnaud Boissières,51.6,288,67.3
2024-12-12 10:30:00,-37.70133333333333,65.5145,Éric Bellion,50.8,271,67.0
2024-12-12 10:30:00,-42.5085,58.16166666666667,Antoine Cornic,62.7,257,87.8
2024-12-12 10:30:00,-40.9395,55.466,Oliver Heer,56.8,255,81.0
2024-12-12 10:30:00,-42.26,53.12083333333333,Kojiro Shiraishi,47.7,259,63.0
2024-12-12 10:30:00,-44.96233333333333,36.896,Jingkun Xu,44.9,307,56.5
2024-12-12 10:00:00,-38.0945,40.13616666666667,Manuel Cousin,21.3,326,27.7
2024-12-12 10:30:00,-37.25066666666667,38.564166666666665,Fabrice Amedeo,12.3,6,16.9
2024-12-12 10:30:00,-39.40233333333333,36.706,Denis Van,22.5,280,28.4
2024-12-12 10:30:00,-34.239333333333335,-5.399166666666667,Szabolcs Weöres,10.1,190,15.1
2025-01-14 06:30:00,46.538666666666664,-2.1101666666666667,Charlie Dalin,16.2,50,26.6
2025-01-14 06:30:00,47.79383333333333,-4.5265,Yoann Richomme,15.7,103,22.7
2025-01-14 06:30:00,41.9365,-20.234333333333332,Sébastien Simon,23.4,166,31.0
2025-01-14 06:30:00,6.406,-30.685166666666667,Jérémie Beyou,33.1,52,42.5
2025-01-14 06:30:00,6.2815,-30.627166666666668,Sam Goodchild,32.5,53,42.8
2025-01-14 06:30:00,6.194166666666667,-30.9605,Paul Meilhat,32.8,53,43.6
2025-01-14 06:30:00,3.351166666666667,-29.293,Nicolas Lunven,26.9,73,34.9
2025-01-14 06:30:00,1.755,-31.529,Thomas Ruyant,21.9,85,32.4
2025-01-14 06:30:00,0.8798333333333334,-29.745833333333337,Justine Mettraux,26.8,89,34.2
2025-01-14 06:30:00,1.3586666666666667,-32.798833333333334,Boris Herrmann,23.8,72,32.0
2025-01-14 06:30:00,-8.156666666666666,-31.558,Clarisse Crémer,31.2,83,40.3
2025-01-14 06:30:00,-8.6985,-30.127166666666668,Benjamin Dutreux,31.9,88,41.0
2025-01-14 06:30:00,-9.644166666666669,-31.544333333333334,Samantha Davies,30.4,81,40.3
2025-01-14 06:30:00,-22.527666666666665,-35.36533333333333,Romain Attanasio,17.6,155,25.2
2025-01-14 06:30:00,-27.519666666666662,-30.758,Jean Le Cam,21.8,24,28.4
2025-01-14 06:30:00,-27.7525,-30.587666666666667,Damien Seguin,19.5,21,27.4
2025-01-14 06:30:00,-25.431333333333335,-38.57483333333333,Benjamin Ferré,14.1,203,20.2
2025-01-14 06:30:00,-25.7315,-37.7405,Isabelle Joschke,9.3,238,14.0
2025-01-14 06:30:00,-28.301166666666667,-29.109,Alan Roura,41.4,22,51.8
2025-01-14 06:30:00,-26.0875,-37.30916666666667,Giancarlo Pedote,0.9,127,4.7
2025-01-14 06:30:00,-25.7695,-39.033833333333334,Tanguy Le,15.9,160,24.1
2025-01-14 06:30:00,-30.193833333333338,-39.748666666666665,Conrad Colman,20.3,140,30.6
2025-01-14 06:30:00,-37.626333333333335,-42.116,Guirec Soudée,15.5,99,25.9
2025-01-14 06:30:00,-37.9435,-46.1185,Sébastien Marsset,14.8,31,23.4
2025-01-14 06:30:00,-38.5795,-46.74183333333333,Louis Duc,19.9,18,27.0
2025-01-14 06:30:00,-39.11783333333333,-49.92283333333334,Kojiro Shiraishi,26.0,356,33.5
2025-01-14 06:30:00,-41.7385,-46.638666666666666,Arnaud Boissières,29.7,331,38.9
2025-01-14 06:30:00,-42.67883333333333,-49.36533333333333,Violette Dorange,30.4,340,37.4
2025-01-14 06:30:00,-56.16416666666667,-71.21016666666667,Oliver Heer,49.6,312,63.4
2025-01-14 06:30:00,-56.9265,-80.147,Antoine Cornic,58.4,290,78.8
2025-01-14 06:30:00,-56.501333333333335,-81.73333333333333,Jingkun Xu,58.5,278,79.9
2025-01-14 06:30:00,-53.93083333333333,-119.909,Manuel Cousin,34.0,208,45.0
2025-01-14 06:30:00,-53.903166666666664,-120.12733333333334,Fabrice Amedeo,33.6,208,45.0
2025-01-14 06:30:00,-53.211,-128.46833333333333,Denis Van,25.9,245,32.8
2025-02-16 14:30:00,46.14816666666667,-5.3773333333333335,Oliver Heer,7.7,210,9.4
2025-02-16 14:00:00,44.887166666666666,-8.49,Jingkun Xu,18.1,283,29.9
2025-02-16 14:30:00,22.079666666666668,-35.2695,Manuel Cousin,16.2,42,22.3
2025-02-16 14:30:00,20.303833333333333,-35.43116666666667,Fabrice Amedeo,20.7,77,27.4
2025-02-16 14:30:00,17.37,-34.76533333333333,Denis Van,30.0,74,38.9
2024-12-11 22:30:00,-48.818333333333335,137.3595,Charlie Dalin,39.7,253,53.3
2024-12-11 22:30:00,-46.00266666666667,129.94133333333335,Sébastien Simon,40.9,269,51.5
2024-12-11 22:30:00,-46.88966666666666,127.43183333333332,Yoann Richomme,44.9,262,59.0
2024-12-11 22:30:00,-45.03,122.70583333333332,Thomas Ruyant,40.3,262,51.8
2024-12-11 22:30:00,-45.8095,119.25866666666668,Jérémie Beyou,37.3,255,47.5
2024-12-11 22:30:00,-44.94616666666667,118.6785,Nicolas Lunven,35.6,262,45.4
2024-12-11 22:30:00,-45.57816666666667,116.05783333333332,Sam Goodchild,35.9,259,48.2
2024-12-11 22:30:00,-45.389,114.8735,Paul Meilhat,28.2,259,38.9
2024-12-11 22:30:00,-44.929,114.44083333333332,Yannick Bestaven,29.9,270,39.6
2024-12-11 22:30:00,-45.339,106.346,Boris Herrmann,21.6,299,28.8
2024-12-11 22:30:00,-45.519666666666666,105.61016666666669,Justine Mettraux,21.7,307,30.6
2024-12-11 22:30:00,-44.809,103.40033333333334,Clarisse Crémer,26.7,338,32.8
2024-12-11 22:30:00,-45.095666666666666,102.9805,Samantha Davies,30.1,326,37.8
2024-12-11 22:30:00,-46.4515,95.48,Benjamin Dutreux,44.5,23,59.4
2024-12-11 22:00:00,-45.266666666666666,90.53183333333334,Romain Attanasio,43.5,301,69.1
2024-12-11 22:30:00,-44.7555,90.0165,Pip Hare,53.0,275,76.7
2024-12-11 22:30:00,-42.624,81.60183333333333,Damien Seguin,28.5,328,36.7
2024-12-11 22:30:00,-37.85933333333333,72.03083333333333,Isabelle Joschke,41.7,283,52.6
2024-12-11 22:30:00,-38.452,71.48,Alan Roura,42.9,288,59.8
2024-12-11 22:30:00,-36.7005,72.43683333333334,Jean Le Cam,35.3,269,44.6
2024-12-11 22:30:00,-45.1445,66.28133333333334,Tanguy Le,34.5,280,49.3
2024-12-11 22:30:00,-46.36083333333333,63.13766666666667,Louis Duc,30.8,296,41.4
2024-12-11 22:30:00,-37.1135,68.00833333333334,Giancarlo Pedote,33.1,293,41.8
2024-12-11 22:30:00,-37.80833333333333,66.96083333333333,Sébastien Marsset,36.5,303,46.8
2024-12-11 22:30:00,-36.5675,67.62083333333334,Benjamin Ferré,31.7,286,41.4
2024-12-11 22:30:00,-46.5935,62.09883333333333,Guirec Soudée,30.9,305,39.6
2024-12-11 22:30:00,-37.230333333333334,65.7315,Violette Dorange,38.9,305,49.7
2024-12-11 22:30:00,-42.07866666666666,61.93083333333333,Conrad Colman,43.8,310,54.7
2024-12-11 22:30:00,-37.56,63.499833333333335,Arnaud Boissières,39.2,306,49.3
2024-12-11 22:30:00,-37.247,61.92483333333333,Éric Bellion,39.9,300,50.4
2024-12-11 22:30:00,-44.15233333333333,55.32683333333333,Antoine Cornic,71.0,263,97.9
2024-12-11 22:30:00,-40.217,51.75716666666667,Oliver Heer,49.0,238,83.5
2024-12-11 22:30:00,-41.062,49.63466666666667,Kojiro Shiraishi,39.4,252,50.4
2024-12-11 22:30:00,-37.767,38.63033333333333,Manuel Cousin,18.2,219,23.8
2024-12-11 22:30:00,-43.97933333333334,33.70066666666666,Jingkun Xu,59.6,261,79.2
2024-12-11 22:30:00,-36.97366666666667,36.97566666666667,Fabrice Amedeo,17.3,226,23.4
2024-12-11 22:30:00,-39.5805,34.05416666666667,Denis Van,34.8,258,48.2
2024-12-11 22:30:00,-33.57383333333333,-6.4645,Szabolcs Weöres,8.0,220,11.5
2024-12-06 18:30:00,-49.78066666666667,89.19966666666667,Charlie Dalin,39.3,315,49.3
2024-12-06 18:30:00,-49.86066666666667,83.36433333333333,Sébastien Simon,61.3,243,78.1
2024-12-06 18:30:00,-40.2785,77.89016666666667,Yoann Richomme,37.9,236,57.2
2024-12-06 18:30:00,-39.87116666666667,76.32516666666666,Thomas Ruyant,36.0,229,54.0
2024-12-06 18:30:00,-39.142833333333336,69.165,Jérémie Beyou,16.2,267,22.7
2024-12-06 18:30:00,-38.73416666666667,68.05466666666666,Nicolas Lunven,14.0,296,18.7
2024-12-06 18:30:00,-42.48866666666667,65.145,Sam Goodchild,27.8,297,37.1
2024-12-06 18:30:00,-42.582,63.161,Paul Meilhat,26.4,304,37.4
2024-12-06 18:30:00,-41.861666666666665,62.828,Yannick Bestaven,28.0,314,36.7
2024-12-06 18:30:00,-46.12583333333333,53.975833333333334,Justine Mettraux,25.6,359,31.3
2024-12-06 18:30:00,-45.99516666666667,52.6835,Boris Herrmann,26.9,10,33.1
2024-12-06 18:30:00,-44.8815,52.263333333333335,Samantha Davies,30.2,22,38.2
2024-12-06 18:30:00,-45.937666666666665,51.51766666666666,Clarisse Crémer,31.8,16,40.3
2024-12-06 18:30:00,-43.3005,46.98683333333334,Benjamin Dutreux,28.8,308,41.0
2024-12-06 18:30:00,-41.376,45.28516666666667,Romain Attanasio,26.9,307,35.3
2024-12-06 18:30:00,-43.0305,41.6255,Pip Hare,28.6,314,37.1
2024-12-06 18:30:00,-38.445,41.28816666666667,Damien Seguin,28.7,296,37.1
2024-12-06 18:30:00,-41.25966666666667,28.831833333333332,Tanguy Le,56.8,248,77.8
2024-12-06 18:30:00,-36.219166666666666,31.982,Jean Le Cam,46.0,280,63.4
2024-12-06 18:30:00,-36.4985,31.6255,Isabelle Joschke,49.5,270,65.2
2024-12-06 18:30:00,-43.65416666666667,24.958,Guirec Soudée,67.5,247,91.8
2024-12-06 18:30:00,-43.88483333333333,24.69783333333333,Louis Duc,69.2,248,94.3
2024-12-06 18:30:00,-38.69983333333333,28.214166666666667,Benjamin Ferré,53.0,243,68.8
2024-12-06 18:30:00,-35.9525,29.813166666666667,Alan Roura,45.8,244,68.8
